Sample_ID,Batch_ID,Supplier_ID,Supplier_Name,Component,Material_Grade,UTS_MPa,YS_MPa,Elongation_%,n_value,r_value,Hardness_HV,Hardness_HRB,Thickness_mm,Thickness_Tol_OK,Surface_Roughness_Ra_um,Zinc_Coating_gsm,Coating_OK,Salt_Spray_hrs,Salt_Spray_OK,C_wt%,Mn_wt%,Si_wt%,P_wt%,S_wt%,Cr_wt%,Nb_wt%,Composition_OK,Bend_Ratio_d/t,Bend_Test_OK,Weld_Nugget_Dia_mm,Weld_OK,Dimensional_OK,Fatigue_Cycles,Charpy_Impact_J,Charpy_OK,Microstructure_Grade,Overall_Disposition
S001,BATCH-009-165,SUP_009,Nippon Steel India,B-Pillar,DP600,612.6,374.7,19.4,0.1828,0.963,197.6,87.4,1.498,OK,1.17,68.9,OK,581,OK,0.073,1.828,0.21,0.0128,0.0069,0.184,0.0296,OK,1.06,OK,5.7,OK,OK,1062216,41.1,OK,2,APPROVED
S002,BATCH-002-029,SUP_002,Jindal Steelworks,B-Pillar,DP600,612.3,373.8,16.7,0.1771,1.027,207.4,93.9,1.534,OK,1.09,64.1,OK,716,OK,0.0779,1.776,0.215,0.0121,0.0073,0.159,0.0218,OK,0.95,OK,5.57,OK,OK,995793,41.0,OK,2,CONDITIONAL
S003,BATCH-003-046,SUP_003,POSCO India,B-Pillar,DP600,635.0,371.4,19.9,0.1813,1.1,215.1,90.2,1.527,OK,1.19,69.4,OK,653,OK,0.0839,1.705,0.246,0.0155,0.0072,0.189,0.0267,OK,1.03,OK,5.67,OK,OK,1018097,41.9,OK,2,APPROVED
S004,BATCH-008-157,SUP_008,Salzgitter Mannesmann,B-Pillar,DP600,631.8,377.2,23.5,0.1836,1.159,196.1,93.2,1.529,OK,1.02,73.5,OK,633,OK,0.0786,1.751,0.207,0.0171,0.008,0.199,0.0222,OK,0.92,OK,6.06,OK,OK,985895,40.4,OK,2,APPROVED
S005,BATCH-003-054,SUP_003,POSCO India,B-Pillar,DP600,640.4,371.7,22.4,0.1838,1.07,203.9,90.8,1.501,OK,1.17,73.4,OK,703,OK,0.0767,1.718,0.218,0.0184,0.007,0.219,0.0309,OK,0.94,OK,5.94,OK,OK,1127348,40.6,OK,1,APPROVED
S006,BATCH-004-073,SUP_004,ArcelorMittal Auto,B-Pillar,DP600,621.6,389.2,20.5,0.1868,1.113,204.3,87.3,1.485,OK,1.43,69.9,OK,583,OK,0.077,1.85,0.23,0.0114,0.0075,0.171,0.0218,OK,1.16,OK,5.72,OK,OK,1107815,47.7,OK,2,APPROVED
S007,BATCH-005-083,SUP_005,JSW Steel Parts,B-Pillar,DP600,606.1,379.4,20.4,0.1774,1.07,202.5,89.4,1.497,OK,1.13,67.0,OK,588,OK,0.0887,1.814,0.209,0.0136,0.007,0.208,0.0255,OK,0.94,OK,5.85,OK,OK,948601,35.4,OK,1,APPROVED
S008,BATCH-006-119,SUP_006,Mahindra Accelo,B-Pillar,DP600,610.1,347.0,21.1,0.1805,0.979,198.6,93.6,1.48,OK,0.76,72.9,OK,678,OK,0.0725,1.816,0.239,0.0075,0.0055,0.209,0.0304,OK,0.94,OK,5.26,OK,OK,1144094,34.3,OK,2,CONDITIONAL
S009,BATCH-004-075,SUP_004,ArcelorMittal Auto,B-Pillar,DP600,626.0,387.8,22.6,0.1786,1.082,216.4,90.8,1.476,OK,1.4,69.6,OK,539,OK,0.0851,1.768,0.218,0.0128,0.0082,0.197,0.0235,OK,1.05,OK,5.74,OK,OK,1085093,44.3,OK,1,APPROVED
S010,BATCH-003-059,SUP_003,POSCO India,B-Pillar,DP600,621.4,377.6,21.1,0.1782,1.032,206.0,91.3,1.5,OK,1.28,74.2,OK,656,OK,0.0711,1.647,0.236,0.0086,0.0077,0.152,0.0187,OK,1.05,OK,5.98,OK,OK,1022615,32.3,OK,1,APPROVED
S011,BATCH-002-030,SUP_002,Jindal Steelworks,B-Pillar,DP600,631.5,354.8,23.1,0.1862,0.926,200.1,89.5,1.458,OK,0.99,64.1,OK,679,OK,0.084,1.864,0.229,0.0081,0.0067,0.189,0.0191,OK,1.04,OK,5.66,OK,OK,1014384,43.7,OK,2,APPROVED
S012,BATCH-003-052,SUP_003,POSCO India,B-Pillar,DP600,619.4,374.7,21.6,0.1698,1.045,199.1,89.1,1.504,OK,1.45,73.2,OK,561,OK,0.0741,1.856,0.203,0.0114,0.0087,0.157,0.0254,OK,0.87,OK,5.66,OK,OK,1065189,36.0,OK,2,APPROVED
S013,BATCH-005-093,SUP_005,JSW Steel Parts,B-Pillar,DP600,612.5,368.0,16.9,0.1762,1.173,208.0,90.2,1.492,OK,1.15,70.7,OK,547,OK,0.0853,1.825,0.229,0.0128,0.0075,0.194,0.0264,OK,0.91,OK,5.56,OK,OK,1040602,47.5,OK,1,CONDITIONAL
S014,BATCH-007-138,SUP_007,Bhushan Power Steel,B-Pillar,DP600,610.9,352.7,20.6,0.1702,0.95,193.8,90.5,1.54,OK,1.22,66.1,OK,621,OK,0.0743,1.726,0.192,0.0062,0.0069,0.179,0.0236,OK,0.9,OK,5.46,OK,OK,1068453,34.6,OK,2,APPROVED
S015,BATCH-006-112,SUP_006,Mahindra Accelo,B-Pillar,DP600,610.5,359.3,20.9,0.1488,1.02,200.5,91.1,1.459,OK,1.07,60.9,OK,575,OK,0.0644,1.688,0.18,0.0131,0.0082,0.157,0.0222,OK,0.62,OK,5.47,OK,OK,1001485,53.2,OK,1,APPROVED
S016,BATCH-003-060,SUP_003,POSCO India,B-Pillar,DP600,623.7,369.6,22.3,0.1799,1.078,205.7,89.3,1.53,OK,1.17,69.9,OK,585,OK,0.0773,1.747,0.217,0.0163,0.0063,0.141,0.0301,OK,0.98,OK,5.64,OK,OK,1099395,39.7,OK,2,APPROVED
S017,BATCH-009-175,SUP_009,Nippon Steel India,B-Pillar,DP600,620.2,383.3,20.0,0.1836,0.922,201.2,90.1,1.516,OK,1.2,65.1,OK,583,OK,0.0812,1.795,0.21,0.0108,0.0089,0.168,0.0247,OK,1.22,OK,5.46,OK,OK,962037,44.9,OK,1,APPROVED
S018,BATCH-009-164,SUP_009,Nippon Steel India,B-Pillar,DP600,606.0,375.9,22.5,0.1875,1.029,200.8,87.6,1.503,OK,1.57,71.0,OK,619,OK,0.0819,1.799,0.206,0.0141,0.0083,0.18,0.0216,OK,1.13,OK,5.96,OK,OK,1023736,45.8,OK,1,APPROVED
S019,BATCH-004-072,SUP_004,ArcelorMittal Auto,B-Pillar,DP600,629.8,377.7,21.4,0.1743,1.07,217.4,89.1,1.501,OK,1.45,69.7,OK,637,OK,0.0736,1.826,0.217,0.0145,0.0095,0.242,0.027,OK,1.03,OK,5.85,OK,OK,1033224,43.3,OK,1,APPROVED
S020,BATCH-002-025,SUP_002,Jindal Steelworks,B-Pillar,DP600,627.8,378.0,21.8,0.1746,1.013,199.5,91.0,1.487,OK,1.21,76.8,OK,639,OK,0.0752,1.859,0.207,0.0054,0.006,0.123,0.0226,OK,0.95,OK,6.19,OK,OK,1052981,39.5,OK,2,APPROVED
S021,BATCH-009-177,SUP_009,Nippon Steel India,B-Pillar,DP600,619.0,382.8,20.9,0.1811,1.072,206.2,89.2,1.505,OK,1.46,71.6,OK,656,OK,0.0786,1.845,0.225,0.0096,0.0084,0.156,0.0228,OK,1.02,OK,5.87,OK,OK,993511,46.0,OK,2,APPROVED
S022,BATCH-005-092,SUP_005,JSW Steel Parts,B-Pillar,DP600,602.5,384.3,21.1,0.1822,0.981,191.6,91.9,1.511,OK,0.96,65.0,OK,651,OK,0.0692,1.89,0.197,0.0134,0.007,0.192,0.0218,OK,0.93,OK,5.74,OK,OK,979879,43.8,OK,1,APPROVED
S023,BATCH-006-114,SUP_006,Mahindra Accelo,B-Pillar,DP600,598.1,349.2,21.1,0.1668,0.937,191.9,88.3,1.476,OK,0.6,70.0,OK,636,OK,0.0784,1.623,0.2,0.0105,0.0077,0.189,0.0183,OK,0.86,OK,5.74,OK,OK,1106907,41.7,OK,3,CONDITIONAL
S024,BATCH-008-151,SUP_008,Salzgitter Mannesmann,B-Pillar,DP600,615.5,371.2,21.8,0.1766,0.911,217.3,92.9,1.491,OK,1.2,65.9,OK,684,OK,0.0914,1.809,0.238,0.0124,0.0063,0.17,0.0255,OK,0.95,OK,5.75,OK,OK,1045658,41.7,OK,2,APPROVED
S025,BATCH-001-008,SUP_001,Tata Steel Autocomp,B-Pillar,DP600,627.5,388.1,20.8,0.1858,1.07,209.9,94.3,1.494,OK,1.06,66.9,OK,589,OK,0.0795,1.82,0.225,0.0141,0.008,0.215,0.0241,OK,1.27,OK,5.95,OK,OK,1009285,38.0,OK,2,APPROVED
S026,BATCH-010-184,SUP_010,Shyam Metalics,B-Pillar,DP600,589.2,365.4,18.6,0.1797,0.89,197.9,90.1,1.574,OK,0.92,67.1,OK,452,NOT OK,0.051,1.801,0.205,0.0152,0.0038,0.184,0.0313,OK,0.92,OK,5.67,OK,NOT OK,1005598,28.1,NOT OK,3,REJECTED
S027,BATCH-008-147,SUP_008,Salzgitter Mannesmann,B-Pillar,DP600,624.4,373.1,20.3,0.1699,0.965,196.9,89.8,1.549,OK,1.11,70.6,OK,635,OK,0.0808,1.795,0.199,0.0156,0.0103,0.14,0.0214,OK,0.97,OK,5.57,OK,OK,1074033,39.3,OK,2,APPROVED
S028,BATCH-009-168,SUP_009,Nippon Steel India,B-Pillar,DP600,613.3,386.9,20.0,0.1897,1.089,211.5,90.2,1.496,OK,0.94,68.2,OK,639,OK,0.0878,1.734,0.214,0.0116,0.0063,0.194,0.0225,OK,0.98,OK,5.69,OK,OK,1012506,42.0,OK,1,APPROVED
S029,BATCH-001-004,SUP_001,Tata Steel Autocomp,B-Pillar,DP600,613.9,382.5,24.2,0.1798,1.124,189.3,92.4,1.502,OK,1.15,70.3,OK,545,OK,0.0787,1.821,0.246,0.0107,0.007,0.168,0.0282,OK,1.03,OK,5.67,OK,OK,1074380,42.4,OK,2,APPROVED
S030,BATCH-003-047,SUP_003,POSCO India,B-Pillar,DP600,625.2,377.4,23.1,0.1629,1.105,194.6,90.4,1.472,OK,0.97,74.1,OK,602,OK,0.0821,1.797,0.228,0.0122,0.0064,0.204,0.0233,OK,0.84,OK,5.7,OK,OK,1121286,45.2,OK,1,APPROVED
S031,BATCH-007-130,SUP_007,Bhushan Power Steel,B-Pillar,DP600,608.7,361.4,21.7,0.1641,1.036,192.9,94.2,1.527,OK,1.17,73.6,OK,562,OK,0.0813,1.789,0.22,0.0153,0.0086,0.183,0.0174,OK,0.83,OK,5.69,OK,OK,1040135,35.4,OK,3,APPROVED
S032,BATCH-009-163,SUP_009,Nippon Steel India,B-Pillar,DP600,624.7,387.5,20.3,0.1661,1.091,200.0,87.5,1.504,OK,1.34,69.6,OK,603,OK,0.079,1.778,0.196,0.0102,0.0087,0.188,0.0256,OK,0.9,OK,5.76,OK,OK,946589,42.7,OK,2,APPROVED
S033,BATCH-010-187,SUP_010,Shyam Metalics,B-Pillar,DP600,604.0,371.6,24.4,0.1589,1.101,206.3,86.8,1.508,OK,0.93,66.4,OK,651,OK,0.078,1.771,0.194,0.005,0.0061,0.208,0.0144,OK,0.68,OK,5.62,OK,OK,936074,32.7,OK,2,APPROVED
S034,BATCH-003-042,SUP_003,POSCO India,B-Pillar,DP600,619.1,392.9,20.4,0.1708,1.017,204.7,91.4,1.494,OK,1.26,65.6,OK,674,OK,0.0795,1.867,0.226,0.0131,0.0087,0.191,0.0272,OK,1.13,OK,5.85,OK,OK,1083677,41.7,OK,2,APPROVED
S035,BATCH-010-192,SUP_010,Shyam Metalics,B-Pillar,DP600,597.5,376.4,16.8,0.1644,0.953,207.2,91.1,1.519,OK,1.34,61.1,OK,581,OK,0.0714,1.801,0.202,0.009,0.0076,0.197,0.0187,OK,0.84,OK,5.19,OK,OK,830135,38.7,OK,2,CONDITIONAL
S036,BATCH-002-022,SUP_002,Jindal Steelworks,B-Pillar,DP600,617.2,369.9,18.8,0.173,0.981,214.3,92.0,1.5,OK,1.46,68.8,OK,561,OK,0.0882,1.813,0.194,0.0109,0.0062,0.136,0.0277,OK,1.18,OK,5.33,OK,OK,1065963,37.6,OK,1,APPROVED
S037,BATCH-010-194,SUP_010,Shyam Metalics,B-Pillar,DP600,612.0,354.4,20.2,0.1775,1.068,180.1,86.8,1.465,OK,1.08,67.9,OK,650,OK,0.068,1.68,0.234,0.0117,0.009,0.175,0.0162,OK,0.64,OK,5.02,OK,OK,1051343,44.6,OK,3,APPROVED
S038,BATCH-004-069,SUP_004,ArcelorMittal Auto,B-Pillar,DP600,627.0,378.0,22.1,0.1831,0.976,201.8,92.4,1.469,OK,1.25,65.3,OK,637,OK,0.0798,1.703,0.24,0.0102,0.007,0.185,0.029,OK,0.9,OK,5.81,OK,OK,1070368,44.6,OK,2,APPROVED
S039,BATCH-009-166,SUP_009,Nippon Steel India,B-Pillar,DP600,616.9,378.8,22.3,0.174,1.002,196.7,88.2,1.47,OK,1.23,66.9,OK,639,OK,0.0802,1.682,0.231,0.014,0.0068,0.19,0.022,OK,1.01,OK,5.5,OK,OK,964827,40.6,OK,1,APPROVED
S040,BATCH-008-152,SUP_008,Salzgitter Mannesmann,B-Pillar,DP600,609.9,375.0,20.1,0.1859,0.95,211.9,93.4,1.492,OK,0.73,68.7,OK,618,OK,0.0739,1.769,0.247,0.0137,0.0068,0.142,0.0239,OK,0.98,OK,5.92,OK,OK,1024572,43.9,OK,2,APPROVED
S041,BATCH-009-167,SUP_009,Nippon Steel India,B-Pillar,DP600,616.2,371.7,21.4,0.1816,1.048,206.1,89.8,1.529,OK,0.99,71.7,OK,664,OK,0.0829,1.788,0.211,0.0146,0.0062,0.157,0.0236,OK,1.12,OK,5.89,OK,OK,1004017,40.8,OK,1,APPROVED
S042,BATCH-003-050,SUP_003,POSCO India,B-Pillar,DP600,612.8,379.6,22.5,0.1819,1.07,214.7,91.8,1.494,OK,1.37,74.2,OK,574,OK,0.0836,1.842,0.215,0.0154,0.0078,0.183,0.0244,OK,1.0,OK,5.54,OK,OK,981597,48.0,OK,1,APPROVED
S043,BATCH-008-155,SUP_008,Salzgitter Mannesmann,B-Pillar,DP600,628.4,372.5,24.0,0.1819,1.083,213.8,89.1,1.499,OK,1.1,64.5,OK,633,OK,0.0951,1.69,0.219,0.0136,0.0082,0.177,0.0205,OK,1.02,OK,5.62,OK,OK,945978,46.5,OK,2,APPROVED
S044,BATCH-009-178,SUP_009,Nippon Steel India,B-Pillar,DP600,613.3,369.2,21.8,0.1773,1.055,202.8,87.5,1.49,OK,1.14,72.2,OK,594,OK,0.0901,1.685,0.243,0.0114,0.0091,0.182,0.029,OK,0.96,OK,5.54,OK,OK,1117473,41.6,OK,2,APPROVED
S045,BATCH-005-088,SUP_005,JSW Steel Parts,B-Pillar,DP600,613.4,369.7,20.7,0.1642,1.052,202.5,88.6,1.52,OK,1.35,62.1,OK,566,OK,0.0721,1.709,0.232,0.0109,0.0071,0.119,0.0265,OK,0.8,OK,5.74,OK,OK,1050255,46.6,OK,1,APPROVED
S046,BATCH-007-140,SUP_007,Bhushan Power Steel,B-Pillar,DP600,594.3,373.0,22.0,0.1788,1.063,204.1,92.8,1.471,OK,1.01,65.4,OK,637,OK,0.0838,1.807,0.239,0.008,0.01,0.218,0.0269,OK,1.16,OK,5.26,OK,OK,1006155,37.2,OK,2,CONDITIONAL
S047,BATCH-008-142,SUP_008,Salzgitter Mannesmann,B-Pillar,DP600,630.1,378.8,23.1,0.1826,1.015,206.4,87.7,1.515,OK,1.25,72.2,OK,660,OK,0.0822,1.809,0.205,0.0102,0.0095,0.214,0.0242,OK,1.0,OK,5.58,OK,OK,1105705,44.5,OK,2,APPROVED
S048,BATCH-005-087,SUP_005,JSW Steel Parts,B-Pillar,DP600,606.5,379.3,19.6,0.1678,1.006,208.5,92.2,1.515,OK,1.3,70.6,OK,571,OK,0.0805,1.831,0.23,0.0151,0.0086,0.185,0.0283,OK,0.95,OK,5.48,OK,OK,1026031,37.1,OK,1,APPROVED
S049,BATCH-009-176,SUP_009,Nippon Steel India,B-Pillar,DP600,617.0,374.5,21.6,0.1896,1.088,210.2,88.5,1.471,OK,0.69,67.2,OK,656,OK,0.0831,1.787,0.22,0.0103,0.0083,0.198,0.0193,OK,1.03,OK,6.02,OK,OK,1030282,44.6,OK,3,APPROVED
S050,BATCH-009-171,SUP_009,Nippon Steel India,B-Pillar,DP600,606.6,381.5,23.5,0.1749,0.979,204.4,90.8,1.514,OK,1.37,69.8,OK,690,OK,0.0813,1.779,0.192,0.0113,0.0076,0.203,0.0266,OK,0.88,OK,5.84,OK,OK,1081897,47.7,OK,2,APPROVED
S051,BATCH-005-089,SUP_005,JSW Steel Parts,B-Pillar,DP600,581.8,377.5,24.3,0.1862,1.052,199.1,91.9,1.471,OK,1.25,70.5,OK,648,OK,0.0968,1.802,0.205,0.0114,0.0048,0.156,0.0224,OK,0.89,OK,5.77,OK,NOT OK,989766,45.5,OK,2,CONDITIONAL
S052,BATCH-005-097,SUP_005,JSW Steel Parts,B-Pillar,DP600,611.6,376.0,19.1,0.1817,1.089,199.3,89.3,1.508,OK,1.06,68.2,OK,694,OK,0.0758,1.75,0.202,0.0137,0.0072,0.157,0.0293,OK,1.12,OK,5.56,OK,OK,932340,45.0,OK,1,APPROVED
S053,BATCH-002-023,SUP_002,Jindal Steelworks,B-Pillar,DP600,608.5,369.1,21.3,0.1717,1.055,202.1,89.8,1.473,OK,1.03,71.5,OK,623,OK,0.0707,1.782,0.23,0.0065,0.0083,0.156,0.0263,OK,0.86,OK,5.22,OK,OK,945485,40.7,OK,2,APPROVED
S054,BATCH-003-058,SUP_003,POSCO India,B-Pillar,DP600,627.8,389.7,22.8,0.1801,0.988,198.6,90.5,1.485,OK,1.17,70.2,OK,640,OK,0.0796,1.829,0.221,0.0071,0.0068,0.177,0.0208,OK,1.06,OK,6.17,OK,OK,1107891,41.2,OK,2,APPROVED
S055,BATCH-003-051,SUP_003,POSCO India,B-Pillar,DP600,610.6,364.9,21.1,0.1721,1.128,211.1,89.8,1.556,OK,1.38,68.9,OK,526,OK,0.0937,1.717,0.191,0.0146,0.011,0.213,0.027,OK,1.06,OK,6.0,OK,OK,1086049,43.1,OK,2,APPROVED
S056,BATCH-010-200,SUP_010,Shyam Metalics,B-Pillar,DP600,630.5,362.3,21.6,0.1744,0.951,197.4,90.7,1.492,OK,1.37,70.6,OK,615,OK,0.0684,1.628,0.19,0.0113,0.0076,0.087,0.022,OK,0.88,OK,5.48,OK,OK,1095389,40.0,OK,3,APPROVED
S057,BATCH-004-066,SUP_004,ArcelorMittal Auto,B-Pillar,DP600,639.1,394.4,23.8,0.1861,1.078,209.7,90.0,1.48,OK,1.2,69.4,OK,603,OK,0.0842,1.857,0.222,0.0157,0.0066,0.175,0.0225,OK,0.81,OK,5.78,OK,OK,1044216,47.7,OK,2,APPROVED
S058,BATCH-007-132,SUP_007,Bhushan Power Steel,B-Pillar,DP600,599.6,371.3,23.0,0.1669,0.884,199.3,91.4,1.536,OK,1.05,66.9,OK,652,OK,0.0644,1.748,0.219,0.0128,0.0067,0.176,0.014,OK,0.87,OK,5.85,OK,NOT OK,980973,40.8,OK,2,CONDITIONAL
S059,BATCH-007-121,SUP_007,Bhushan Power Steel,B-Pillar,DP600,621.9,369.6,22.8,0.1731,1.054,208.2,90.2,1.514,OK,1.04,67.7,OK,591,OK,0.0723,1.763,0.184,0.01,0.0071,0.168,0.023,OK,0.94,OK,5.86,OK,OK,1083098,37.6,OK,1,APPROVED
S060,BATCH-002-028,SUP_002,Jindal Steelworks,B-Pillar,DP600,620.2,391.1,23.5,0.1887,1.012,195.6,90.0,1.502,OK,1.38,61.7,OK,669,OK,0.0764,1.745,0.195,0.0065,0.0087,0.177,0.0188,OK,0.79,OK,5.63,OK,NOT OK,1126796,39.3,OK,1,CONDITIONAL
S061,BATCH-010-181,SUP_010,Shyam Metalics,B-Pillar,DP600,613.7,384.4,20.6,0.1753,0.914,173.8,89.7,1.496,OK,0.91,66.7,OK,556,OK,0.0827,1.733,0.186,0.0145,0.0061,0.184,0.0196,OK,0.75,OK,5.61,OK,OK,1005898,40.4,OK,2,APPROVED
S062,BATCH-006-110,SUP_006,Mahindra Accelo,B-Pillar,DP600,622.4,354.5,16.8,0.1768,1.058,202.4,88.1,1.495,OK,1.14,65.9,OK,427,NOT OK,0.0704,1.648,0.209,0.0224,0.0072,0.154,0.0266,NOT OK,0.93,OK,5.73,OK,OK,1047479,49.8,OK,1,REJECTED
S063,BATCH-002-038,SUP_002,Jindal Steelworks,B-Pillar,DP600,608.9,370.9,23.3,0.1874,1.009,196.7,91.2,1.483,OK,1.28,69.3,OK,532,OK,0.0883,1.901,0.203,0.0103,0.0079,0.184,0.0266,OK,1.19,OK,5.68,OK,OK,991093,34.3,OK,1,APPROVED
S064,BATCH-009-161,SUP_009,Nippon Steel India,B-Pillar,DP600,609.4,377.2,22.3,0.1874,1.079,199.9,95.3,1.507,OK,1.43,69.5,OK,640,OK,0.085,1.873,0.239,0.0142,0.0076,0.166,0.0262,OK,1.09,OK,5.75,OK,OK,1100595,47.4,OK,1,APPROVED
S065,BATCH-001-005,SUP_001,Tata Steel Autocomp,B-Pillar,DP600,613.3,377.7,21.4,0.1712,1.064,206.6,91.0,1.494,OK,0.95,68.5,OK,607,OK,0.0752,1.79,0.227,0.0167,0.0082,0.186,0.0247,OK,0.81,OK,5.79,OK,OK,1052860,51.2,OK,1,APPROVED
S066,BATCH-005-094,SUP_005,JSW Steel Parts,B-Pillar,DP600,598.9,377.3,21.3,0.1787,1.053,200.9,93.2,1.452,OK,0.98,68.1,OK,526,OK,0.0763,1.891,0.215,0.0122,0.0056,0.158,0.0225,OK,0.91,OK,6.08,OK,OK,1065673,35.5,OK,2,CONDITIONAL
S067,BATCH-001-010,SUP_001,Tata Steel Autocomp,B-Pillar,DP600,624.9,383.6,27.6,0.1834,1.104,210.7,92.1,1.492,OK,1.34,67.3,OK,611,OK,0.0771,1.805,0.261,0.0073,0.0089,0.141,0.0233,OK,1.11,OK,5.82,OK,NOT OK,998807,39.3,OK,2,CONDITIONAL
S068,BATCH-010-189,SUP_010,Shyam Metalics,B-Pillar,DP600,594.3,378.4,18.4,0.1806,1.139,193.9,90.5,1.454,OK,1.25,66.5,OK,588,OK,0.0667,1.576,0.218,0.005,0.0059,0.199,0.023,NOT OK,1.16,OK,5.94,OK,OK,959227,37.7,OK,2,CONDITIONAL
S069,BATCH-006-106,SUP_006,Mahindra Accelo,B-Pillar,DP600,608.8,373.5,20.5,0.176,0.927,206.9,91.7,1.491,OK,1.04,57.8,NOT OK,591,OK,0.0776,1.719,0.233,0.0092,0.0076,0.128,0.0219,OK,0.82,OK,5.66,OK,OK,979133,36.7,OK,3,CONDITIONAL
S070,BATCH-004-080,SUP_004,ArcelorMittal Auto,B-Pillar,DP600,613.2,378.5,20.6,0.1792,1.054,203.7,89.9,1.504,OK,1.28,66.2,OK,673,OK,0.0794,1.801,0.232,0.0126,0.0092,0.187,0.0229,OK,1.04,OK,5.53,OK,OK,1055156,41.9,OK,1,APPROVED
S071,BATCH-005-095,SUP_005,JSW Steel Parts,B-Pillar,DP600,620.5,385.1,23.9,0.1704,0.995,193.7,89.8,1.514,OK,1.36,68.2,OK,586,OK,0.0786,1.717,0.257,0.0067,0.0078,0.232,0.024,OK,0.93,OK,5.62,OK,NOT OK,1025078,46.7,OK,1,CONDITIONAL
S072,BATCH-006-115,SUP_006,Mahindra Accelo,B-Pillar,DP600,606.2,382.1,20.7,0.1648,1.118,203.8,87.6,1.481,OK,1.13,67.8,OK,572,OK,0.0753,1.878,0.232,0.0113,0.0084,0.128,0.024,OK,1.14,OK,5.5,OK,OK,945665,33.6,OK,1,APPROVED
S073,BATCH-006-116,SUP_006,Mahindra Accelo,B-Pillar,DP600,594.0,364.3,16.7,0.1726,1.083,189.3,92.5,1.52,OK,1.33,62.2,OK,611,OK,0.0627,1.805,0.209,0.0127,0.0041,0.133,0.025,OK,0.7,OK,5.74,OK,OK,909300,42.6,OK,1,CONDITIONAL
S074,BATCH-010-196,SUP_010,Shyam Metalics,B-Pillar,DP600,582.7,372.2,18.5,0.1804,1.02,201.1,86.4,1.476,OK,0.93,69.8,OK,661,OK,0.0653,1.822,0.151,0.0057,0.0046,0.116,0.0141,OK,0.92,OK,5.5,OK,OK,1031558,41.6,OK,2,CONDITIONAL
S075,BATCH-010-182,SUP_010,Shyam Metalics,B-Pillar,DP600,579.3,363.7,21.5,0.1698,1.003,206.4,87.0,1.438,OK,1.01,63.1,OK,502,OK,0.0709,1.769,0.205,0.0117,0.0101,0.153,0.0234,OK,0.77,OK,5.27,OK,OK,964056,34.6,OK,2,CONDITIONAL
S076,BATCH-010-190,SUP_010,Shyam Metalics,B-Pillar,DP600,582.8,358.6,18.5,0.1542,1.023,195.3,84.6,1.516,OK,1.24,66.6,OK,541,OK,0.0778,1.786,0.213,0.0072,0.0071,0.208,0.019,OK,1.19,OK,5.39,OK,OK,1007268,33.5,OK,2,CONDITIONAL
S077,BATCH-010-188,SUP_010,Shyam Metalics,B-Pillar,DP600,585.9,358.3,21.3,0.1607,0.908,191.8,90.6,1.492,OK,0.92,65.7,OK,455,NOT OK,0.077,1.76,0.195,0.0145,0.0042,0.206,0.0228,OK,0.8,OK,5.57,OK,OK,997491,44.8,OK,1,CONDITIONAL
S078,BATCH-001-006,SUP_001,Tata Steel Autocomp,B-Pillar,DP600,622.9,379.8,20.3,0.1869,1.086,209.7,89.4,1.535,OK,0.95,72.1,OK,702,OK,0.0741,1.766,0.222,0.0107,0.0061,0.182,0.0213,OK,1.05,OK,5.58,OK,OK,1123621,39.1,OK,1,APPROVED
S079,BATCH-002-036,SUP_002,Jindal Steelworks,B-Pillar,DP600,611.6,377.8,20.4,0.1863,0.991,201.2,89.4,1.543,OK,1.19,72.6,OK,533,OK,0.0794,1.837,0.217,0.0147,0.0067,0.214,0.0332,OK,0.91,OK,5.6,OK,OK,1114936,47.6,OK,1,APPROVED
S080,BATCH-007-128,SUP_007,Bhushan Power Steel,B-Pillar,DP600,623.2,374.4,21.1,0.1781,1.054,201.7,90.7,1.547,OK,1.36,72.0,OK,580,OK,0.0713,1.842,0.233,0.0159,0.0066,0.169,0.0174,OK,0.9,OK,6.0,OK,OK,1009342,43.4,OK,2,APPROVED
S081,BATCH-001-012,SUP_001,Tata Steel Autocomp,B-Pillar,DP600,629.8,369.4,21.3,0.1876,1.016,207.7,92.4,1.477,OK,1.19,58.7,NOT OK,582,OK,0.0785,1.725,0.249,0.0084,0.0074,0.183,0.03,OK,0.86,OK,6.08,OK,OK,1050486,38.3,OK,2,CONDITIONAL
S082,BATCH-001-007,SUP_001,Tata Steel Autocomp,B-Pillar,DP600,627.7,371.4,22.3,0.1878,0.974,206.1,91.5,1.52,OK,0.98,65.4,OK,640,OK,0.0818,1.815,0.226,0.0103,0.0083,0.187,0.0225,OK,1.19,OK,5.91,OK,OK,993413,44.5,OK,1,APPROVED
S083,BATCH-002-033,SUP_002,Jindal Steelworks,B-Pillar,DP600,617.8,383.9,24.1,0.1846,0.939,193.5,89.0,1.501,OK,1.26,65.6,OK,608,OK,0.0722,1.732,0.187,0.0087,0.0055,0.148,0.0282,OK,0.84,OK,6.46,OK,OK,1062132,41.3,OK,1,APPROVED
S084,BATCH-004-063,SUP_004,ArcelorMittal Auto,B-Pillar,DP600,639.5,372.3,21.7,0.1783,1.065,209.9,92.5,1.485,OK,1.17,71.0,OK,611,OK,0.0896,1.829,0.233,0.0137,0.0095,0.184,0.0205,OK,1.04,OK,5.64,OK,OK,1024890,44.2,OK,2,APPROVED
S085,BATCH-007-127,SUP_007,Bhushan Power Steel,B-Pillar,DP600,611.8,378.3,21.2,0.1745,1.009,204.8,87.2,1.523,OK,1.06,64.0,OK,580,OK,0.0863,1.738,0.222,0.0093,0.0086,0.194,0.0314,OK,0.93,OK,5.91,OK,NOT OK,1040393,46.3,OK,1,CONDITIONAL
S086,BATCH-005-099,SUP_005,JSW Steel Parts,B-Pillar,DP600,601.2,378.9,22.8,0.1746,0.897,203.9,91.1,1.512,OK,1.41,64.2,OK,631,OK,0.0858,1.65,0.221,0.01,0.0074,0.185,0.0221,OK,0.87,OK,5.73,OK,OK,975201,35.6,OK,2,APPROVED
S087,BATCH-005-082,SUP_005,JSW Steel Parts,B-Pillar,DP600,595.8,386.4,18.4,0.1847,1.102,194.9,89.4,1.467,OK,1.1,67.3,OK,635,OK,0.0867,1.873,0.204,0.0109,0.005,0.152,0.0279,OK,1.14,OK,5.38,OK,OK,1002414,40.4,OK,2,CONDITIONAL
S088,BATCH-005-090,SUP_005,JSW Steel Parts,B-Pillar,DP600,614.9,373.4,21.5,0.1833,0.992,197.9,89.6,1.46,OK,0.98,66.6,OK,639,OK,0.0793,1.789,0.232,0.0111,0.0081,0.172,0.0251,OK,0.88,OK,5.04,OK,NOT OK,1027614,46.9,OK,2,CONDITIONAL
S089,BATCH-003-044,SUP_003,POSCO India,B-Pillar,DP600,620.3,381.5,19.0,0.1785,1.018,199.0,90.5,1.545,OK,1.32,68.0,OK,641,OK,0.0884,1.855,0.221,0.0104,0.0089,0.189,0.0281,OK,1.06,OK,6.05,OK,OK,1024576,46.9,OK,2,APPROVED
S090,BATCH-002-027,SUP_002,Jindal Steelworks,B-Pillar,DP600,610.1,379.0,22.5,0.171,1.088,212.0,91.1,1.556,OK,0.99,63.5,OK,520,OK,0.088,1.821,0.214,0.0123,0.0058,0.243,0.0245,OK,0.96,OK,5.93,OK,NOT OK,1061455,41.5,OK,1,CONDITIONAL
S091,BATCH-004-078,SUP_004,ArcelorMittal Auto,B-Pillar,DP600,636.1,375.6,22.3,0.1755,0.987,201.3,90.9,1.489,OK,1.08,65.1,OK,617,OK,0.071,1.846,0.221,0.0084,0.0076,0.162,0.0261,OK,1.13,OK,5.35,OK,OK,1055463,41.4,OK,2,APPROVED
S092,BATCH-010-185,SUP_010,Shyam Metalics,B-Pillar,DP600,596.4,373.0,16.3,0.1619,1.12,194.4,92.4,1.497,OK,0.6,70.0,OK,525,OK,0.0788,1.727,0.166,0.0112,0.0109,0.183,0.0217,OK,1.02,OK,5.65,OK,OK,1019667,31.0,OK,2,CONDITIONAL
S093,BATCH-002-035,SUP_002,Jindal Steelworks,B-Pillar,DP600,619.2,380.9,22.2,0.1851,1.086,205.7,90.1,1.45,OK,1.24,69.3,OK,612,OK,0.0686,1.699,0.236,0.0114,0.0085,0.176,0.0241,OK,1.06,OK,5.58,OK,OK,1040286,38.4,OK,2,APPROVED
S094,BATCH-001-020,SUP_001,Tata Steel Autocomp,B-Pillar,DP600,606.9,368.1,21.9,0.1823,1.048,192.6,90.8,1.467,OK,1.32,71.3,OK,585,OK,0.0769,1.736,0.219,0.0144,0.0068,0.192,0.0231,OK,0.92,OK,5.77,OK,NOT OK,1000825,39.9,OK,1,CONDITIONAL
S095,BATCH-010-183,SUP_010,Shyam Metalics,B-Pillar,DP600,637.9,360.8,18.8,0.1719,1.048,199.9,92.0,1.403,NOT OK,0.6,63.0,OK,626,OK,0.0584,1.5,0.219,0.0115,0.0043,0.13,0.0172,NOT OK,0.87,OK,5.35,OK,OK,1039584,20.4,NOT OK,2,REJECTED
S096,BATCH-005-096,SUP_005,JSW Steel Parts,B-Pillar,DP600,631.9,364.6,20.8,0.1745,1.072,191.3,91.2,1.561,OK,0.86,69.3,OK,570,OK,0.0805,1.776,0.202,0.013,0.0102,0.17,0.0269,OK,0.79,OK,5.46,OK,OK,1060982,47.2,OK,2,APPROVED
S097,BATCH-006-101,SUP_006,Mahindra Accelo,B-Pillar,DP600,619.7,358.0,18.9,0.1748,1.16,225.5,90.3,1.493,OK,1.19,69.9,OK,541,OK,0.0887,1.746,0.217,0.0132,0.0073,0.195,0.0189,OK,0.76,OK,5.18,OK,NOT OK,1035765,42.2,OK,2,CONDITIONAL
S098,BATCH-009-162,SUP_009,Nippon Steel India,B-Pillar,DP600,612.0,379.0,22.4,0.1769,1.114,207.5,91.1,1.464,OK,0.96,71.0,OK,540,OK,0.0861,1.791,0.277,0.0178,0.0078,0.177,0.0285,OK,1.17,OK,5.41,OK,OK,965147,39.7,OK,2,APPROVED
S099,BATCH-007-126,SUP_007,Bhushan Power Steel,B-Pillar,DP600,605.0,368.5,20.1,0.1795,1.03,186.8,86.0,1.482,OK,1.25,57.5,NOT OK,578,OK,0.0738,1.872,0.207,0.0126,0.0077,0.115,0.0271,OK,0.98,OK,5.87,OK,OK,1250943,31.1,OK,2,CONDITIONAL
S100,BATCH-008-156,SUP_008,Salzgitter Mannesmann,B-Pillar,DP600,620.5,381.6,23.6,0.1813,1.093,203.2,93.3,1.508,OK,1.23,65.6,OK,631,OK,0.075,1.762,0.206,0.0093,0.0107,0.212,0.0317,OK,0.88,OK,5.82,OK,OK,988558,39.4,OK,1,APPROVED
S101,BATCH-001-014,SUP_001,Tata Steel Autocomp,B-Pillar,DP600,626.0,374.2,21.2,0.1845,1.079,204.9,91.2,1.532,OK,1.09,71.9,OK,612,OK,0.0787,1.866,0.234,0.014,0.0096,0.181,0.0274,OK,0.97,OK,5.88,OK,OK,1043818,42.4,OK,2,APPROVED
S102,BATCH-005-085,SUP_005,JSW Steel Parts,B-Pillar,DP600,609.9,375.2,25.7,0.167,1.054,205.8,92.4,1.503,OK,1.21,66.9,OK,612,OK,0.0751,1.819,0.208,0.0126,0.0075,0.207,0.0238,OK,0.74,OK,6.08,OK,OK,985184,37.6,OK,1,APPROVED
S103,BATCH-006-111,SUP_006,Mahindra Accelo,B-Pillar,DP600,611.6,358.7,21.0,0.1642,0.991,194.8,91.2,1.537,OK,0.71,65.8,OK,517,OK,0.0612,1.705,0.197,0.0202,0.0074,0.115,0.0192,NOT OK,1.01,OK,6.33,OK,OK,893981,26.2,NOT OK,3,CONDITIONAL
S104,BATCH-004-071,SUP_004,ArcelorMittal Auto,B-Pillar,DP600,617.2,369.1,23.3,0.1795,1.041,224.2,91.5,1.481,OK,1.12,74.0,OK,624,OK,0.0714,1.855,0.208,0.0167,0.0094,0.169,0.0295,OK,1.01,OK,6.0,OK,OK,1073024,38.8,OK,1,APPROVED
S105,BATCH-005-086,SUP_005,JSW Steel Parts,B-Pillar,DP600,630.1,358.9,26.6,0.1849,1.052,202.1,90.8,1.516,OK,1.29,70.7,OK,604,OK,0.0761,1.764,0.211,0.0149,0.0084,0.093,0.0266,OK,0.97,OK,5.72,OK,OK,1013631,45.6,OK,2,APPROVED
S106,BATCH-001-002,SUP_001,Tata Steel Autocomp,B-Pillar,DP600,606.5,376.2,22.2,0.1731,1.068,201.4,90.5,1.485,OK,1.53,70.0,OK,580,OK,0.0849,1.727,0.224,0.0071,0.0063,0.185,0.0276,OK,1.02,OK,5.77,OK,NOT OK,1035697,36.5,OK,1,CONDITIONAL
S107,BATCH-009-172,SUP_009,Nippon Steel India,B-Pillar,DP600,627.2,380.4,22.6,0.1875,0.987,202.9,89.6,1.509,OK,1.42,67.9,OK,530,OK,0.0775,1.855,0.229,0.0131,0.0077,0.149,0.0268,OK,0.92,OK,6.32,OK,OK,1077099,39.8,OK,1,APPROVED
S108,BATCH-005-084,SUP_005,JSW Steel Parts,B-Pillar,DP600,616.6,389.9,25.0,0.182,1.068,189.9,89.2,1.476,OK,1.02,67.8,OK,579,OK,0.0636,1.827,0.194,0.0122,0.0106,0.149,0.0139,OK,0.92,OK,6.03,OK,OK,1142709,35.0,OK,2,APPROVED
S109,BATCH-008-154,SUP_008,Salzgitter Mannesmann,B-Pillar,DP600,598.9,383.5,18.4,0.1742,1.127,201.5,88.9,1.495,OK,1.57,63.6,OK,581,OK,0.089,1.911,0.218,0.0089,0.0106,0.218,0.0274,OK,0.92,OK,5.79,OK,OK,1042382,43.2,OK,2,CONDITIONAL
S110,BATCH-004-079,SUP_004,ArcelorMittal Auto,B-Pillar,DP600,622.0,374.7,21.5,0.1752,1.101,205.1,94.3,1.498,OK,1.07,64.7,OK,552,OK,0.0705,1.816,0.229,0.008,0.0091,0.168,0.0255,OK,1.16,OK,6.02,OK,OK,1037244,38.7,OK,1,APPROVED
S111,BATCH-002-039,SUP_002,Jindal Steelworks,B-Pillar,DP600,614.6,390.4,20.4,0.1791,1.039,210.8,95.3,1.484,OK,1.05,72.7,OK,631,OK,0.0904,1.816,0.208,0.0133,0.0092,0.198,0.026,OK,1.08,OK,6.05,OK,OK,1111018,43.4,OK,2,APPROVED
S112,BATCH-005-091,SUP_005,JSW Steel Parts,B-Pillar,DP600,625.6,385.9,21.4,0.1789,1.006,200.3,91.5,1.536,OK,1.12,66.7,OK,600,OK,0.0817,1.674,0.169,0.0098,0.0057,0.161,0.0234,OK,0.9,OK,6.13,OK,OK,1052970,41.9,OK,2,APPROVED
S113,BATCH-004-070,SUP_004,ArcelorMittal Auto,B-Pillar,DP600,616.5,374.2,22.1,0.1736,0.911,207.6,92.6,1.441,OK,1.02,72.2,OK,697,OK,0.0801,1.756,0.217,0.0154,0.0072,0.161,0.0233,OK,0.9,OK,5.83,OK,OK,1127172,43.2,OK,1,APPROVED
S114,BATCH-006-107,SUP_006,Mahindra Accelo,B-Pillar,DP600,598.9,351.9,23.6,0.1849,0.93,203.7,87.5,1.511,OK,1.13,64.3,OK,513,OK,0.0663,1.643,0.184,0.0102,0.0051,0.19,0.0294,OK,0.76,OK,5.66,OK,NOT OK,1039977,40.3,OK,2,CONDITIONAL
S115,BATCH-003-057,SUP_003,POSCO India,B-Pillar,DP600,609.5,364.9,22.6,0.195,1.05,210.0,91.1,1.498,OK,1.37,69.0,OK,630,OK,0.0819,1.76,0.237,0.0116,0.0071,0.193,0.0219,OK,1.0,OK,5.8,OK,OK,1101580,43.8,OK,1,APPROVED
S116,BATCH-008-148,SUP_008,Salzgitter Mannesmann,B-Pillar,DP600,631.3,381.5,23.5,0.1866,1.023,200.1,91.1,1.522,OK,1.23,64.5,OK,590,OK,0.0796,1.795,0.255,0.0085,0.0086,0.216,0.033,OK,0.96,OK,5.92,OK,OK,1077063,42.7,OK,1,APPROVED
S117,BATCH-002-037,SUP_002,Jindal Steelworks,B-Pillar,DP600,610.4,373.7,19.0,0.1711,0.985,197.1,90.2,1.507,OK,1.48,64.5,OK,644,OK,0.076,1.772,0.228,0.0081,0.0081,0.18,0.026,OK,0.98,OK,6.41,OK,OK,999924,38.1,OK,1,APPROVED
S118,BATCH-008-159,SUP_008,Salzgitter Mannesmann,B-Pillar,DP600,624.0,381.9,21.5,0.1822,1.044,207.7,90.1,1.495,OK,1.02,69.9,OK,590,OK,0.0733,1.816,0.224,0.014,0.0075,0.19,0.0269,OK,1.04,OK,5.6,OK,OK,1057094,43.4,OK,2,APPROVED
S119,BATCH-002-032,SUP_002,Jindal Steelworks,B-Pillar,DP600,619.4,375.7,23.1,0.1783,1.048,200.0,90.1,1.509,OK,0.79,63.1,OK,633,OK,0.0787,1.762,0.215,0.0125,0.0067,0.153,0.0248,OK,0.83,OK,5.84,OK,OK,941357,45.1,OK,2,APPROVED
S120,BATCH-007-122,SUP_007,Bhushan Power Steel,B-Pillar,DP600,603.5,372.1,20.7,0.1721,0.969,199.3,90.6,1.518,OK,1.03,66.8,OK,558,OK,0.0773,1.716,0.226,0.0061,0.007,0.183,0.0247,OK,1.27,OK,5.82,OK,OK,979776,40.1,OK,1,APPROVED
S121,BATCH-001-009,SUP_001,Tata Steel Autocomp,B-Pillar,DP600,617.9,385.0,22.7,0.1796,1.01,195.9,90.2,1.521,OK,1.24,65.6,OK,626,OK,0.0823,1.747,0.223,0.0121,0.0066,0.189,0.027,OK,1.11,OK,6.05,OK,OK,984560,38.5,OK,2,APPROVED
S122,BATCH-006-113,SUP_006,Mahindra Accelo,B-Pillar,DP600,625.5,378.0,20.4,0.1883,1.046,201.0,88.6,1.549,OK,1.35,62.4,OK,481,NOT OK,0.0707,1.653,0.203,0.0154,0.0056,0.163,0.0223,OK,0.99,OK,4.77,NOT OK,OK,962530,38.8,OK,3,CONDITIONAL
S123,BATCH-003-045,SUP_003,POSCO India,B-Pillar,DP600,639.7,375.2,24.5,0.1812,1.019,202.1,90.4,1.511,OK,1.29,68.0,OK,619,OK,0.0929,1.904,0.228,0.0121,0.0082,0.195,0.0214,OK,0.97,OK,5.4,OK,OK,1068963,44.4,OK,1,APPROVED
S124,BATCH-006-120,SUP_006,Mahindra Accelo,B-Pillar,DP600,609.8,383.5,21.6,0.1762,1.052,197.9,90.1,1.4,NOT OK,0.97,66.7,OK,491,NOT OK,0.076,1.707,0.249,0.0168,0.0056,0.16,0.0216,OK,0.78,OK,5.65,OK,NOT OK,951920,30.7,OK,2,REJECTED
S125,BATCH-001-017,SUP_001,Tata Steel Autocomp,B-Pillar,DP600,620.9,374.6,22.0,0.183,1.119,210.8,94.8,1.481,OK,1.36,70.6,OK,702,OK,0.0752,1.75,0.21,0.0067,0.0073,0.162,0.0255,OK,1.03,OK,6.25,OK,OK,1095145,39.8,OK,1,APPROVED
S126,BATCH-007-137,SUP_007,Bhushan Power Steel,B-Pillar,DP600,615.8,372.7,21.1,0.1772,0.945,213.0,90.3,1.513,OK,1.35,64.4,OK,621,OK,0.0756,1.834,0.172,0.0112,0.0066,0.187,0.0259,OK,0.87,OK,5.53,OK,NOT OK,1028913,36.5,OK,2,CONDITIONAL
S127,BATCH-004-065,SUP_004,ArcelorMittal Auto,B-Pillar,DP600,618.7,380.1,20.9,0.1839,1.044,207.5,89.4,1.489,OK,1.33,68.7,OK,685,OK,0.0776,1.813,0.236,0.0085,0.0058,0.143,0.0294,OK,0.94,OK,6.41,OK,OK,1023198,42.7,OK,2,APPROVED
S128,BATCH-010-199,SUP_010,Shyam Metalics,B-Pillar,DP600,603.9,365.0,17.5,0.1757,0.982,203.4,86.1,1.569,OK,0.81,66.6,OK,608,OK,0.0674,1.802,0.174,0.0163,0.0065,0.144,0.0205,OK,0.98,OK,5.36,OK,OK,952544,36.2,OK,1,CONDITIONAL
S129,BATCH-007-133,SUP_007,Bhushan Power Steel,B-Pillar,DP600,611.2,377.4,19.6,0.1761,1.074,203.6,89.1,1.507,OK,1.3,60.3,OK,652,OK,0.0751,1.805,0.239,0.0074,0.0064,0.167,0.0209,OK,1.16,OK,5.49,OK,OK,1004444,41.4,OK,1,APPROVED
S130,BATCH-002-026,SUP_002,Jindal Steelworks,B-Pillar,DP600,590.7,377.9,22.6,0.1671,1.103,204.9,89.4,1.519,OK,1.63,69.2,OK,611,OK,0.0743,1.716,0.232,0.0089,0.0076,0.162,0.0259,OK,0.99,OK,6.02,OK,OK,1006949,39.3,OK,1,CONDITIONAL
S131,BATCH-007-135,SUP_007,Bhushan Power Steel,B-Pillar,DP600,593.4,367.1,20.9,0.1797,1.037,211.0,86.3,1.504,OK,0.77,71.5,OK,596,OK,0.0804,1.715,0.241,0.0146,0.0084,0.171,0.0263,OK,0.87,OK,5.96,OK,NOT OK,1125721,45.3,OK,1,CONDITIONAL
S132,BATCH-001-003,SUP_001,Tata Steel Autocomp,B-Pillar,DP600,615.6,387.4,22.5,0.1694,1.065,202.7,89.8,1.515,OK,1.39,73.3,OK,589,OK,0.0781,1.82,0.237,0.0108,0.0078,0.153,0.0208,OK,1.08,OK,6.13,OK,OK,1046579,45.8,OK,2,APPROVED
S133,BATCH-001-019,SUP_001,Tata Steel Autocomp,B-Pillar,DP600,623.2,374.8,24.2,0.1807,1.106,205.4,94.6,1.544,OK,1.16,73.4,OK,644,OK,0.0882,1.742,0.232,0.0146,0.0058,0.152,0.0179,OK,0.97,OK,5.97,OK,OK,1121361,42.3,OK,2,APPROVED
S134,BATCH-008-141,SUP_008,Salzgitter Mannesmann,B-Pillar,DP600,610.0,385.3,24.0,0.1842,1.063,199.1,89.5,1.531,OK,1.34,69.9,OK,604,OK,0.0678,1.736,0.253,0.0088,0.0082,0.204,0.0206,OK,1.02,OK,6.03,OK,OK,1050593,52.8,OK,1,APPROVED
S135,BATCH-006-118,SUP_006,Mahindra Accelo,B-Pillar,DP600,601.6,367.6,19.5,0.1755,1.12,207.2,85.5,1.525,OK,1.41,67.4,OK,625,OK,0.0906,1.817,0.211,0.0147,0.0068,0.166,0.0202,OK,1.1,OK,5.28,OK,OK,1112265,40.5,OK,1,APPROVED
S136,BATCH-004-077,SUP_004,ArcelorMittal Auto,B-Pillar,DP600,621.8,387.0,18.1,0.1841,1.019,194.0,91.9,1.534,OK,1.18,73.3,OK,680,OK,0.0879,1.898,0.233,0.0122,0.006,0.174,0.022,OK,1.22,OK,5.76,OK,OK,1055852,44.1,OK,2,APPROVED
S137,BATCH-002-034,SUP_002,Jindal Steelworks,B-Pillar,DP600,622.7,371.4,21.5,0.1954,1.035,210.5,88.8,1.499,OK,1.52,66.0,OK,682,OK,0.0825,1.736,0.228,0.0144,0.0084,0.131,0.0211,OK,0.92,OK,5.7,OK,OK,1069136,41.3,OK,1,APPROVED
S138,BATCH-006-102,SUP_006,Mahindra Accelo,B-Pillar,DP600,628.4,367.9,21.2,0.1627,0.993,203.8,90.9,1.488,OK,1.03,57.9,NOT OK,539,OK,0.0805,1.777,0.218,0.0107,0.0065,0.141,0.0255,OK,0.92,OK,5.75,OK,OK,968177,24.6,NOT OK,3,CONDITIONAL
S139,BATCH-010-186,SUP_010,Shyam Metalics,B-Pillar,DP600,619.5,359.6,22.9,0.1717,0.958,206.5,88.0,1.53,OK,0.97,65.2,OK,590,OK,0.0751,1.545,0.177,0.0142,0.0062,0.146,0.0152,NOT OK,0.68,OK,4.85,NOT OK,OK,997910,33.9,OK,2,CONDITIONAL
S140,BATCH-004-062,SUP_004,ArcelorMittal Auto,B-Pillar,DP600,626.8,387.0,20.9,0.1715,1.121,203.1,90.6,1.533,OK,1.3,71.6,OK,701,OK,0.0761,1.856,0.221,0.0127,0.0099,0.192,0.0269,OK,1.11,OK,5.71,OK,OK,1010137,38.1,OK,1,APPROVED
S141,BATCH-008-144,SUP_008,Salzgitter Mannesmann,B-Pillar,DP600,617.3,389.9,18.4,0.1877,1.066,197.8,89.1,1.542,OK,1.03,66.0,OK,663,OK,0.082,1.744,0.224,0.0094,0.0094,0.205,0.0269,OK,1.04,OK,6.22,OK,OK,1049985,37.6,OK,2,APPROVED
S142,BATCH-003-053,SUP_003,POSCO India,B-Pillar,DP600,619.8,383.9,22.3,0.1882,1.056,202.4,91.2,1.514,OK,1.21,70.1,OK,594,OK,0.076,1.716,0.251,0.0089,0.0071,0.163,0.0281,OK,0.97,OK,6.1,OK,OK,1018009,43.0,OK,1,APPROVED
S143,BATCH-004-067,SUP_004,ArcelorMittal Auto,B-Pillar,DP600,610.3,393.0,23.8,0.1835,1.039,199.2,90.3,1.527,OK,1.54,75.4,OK,602,OK,0.0733,1.808,0.189,0.0128,0.0078,0.169,0.0194,OK,1.05,OK,5.67,OK,OK,994428,31.2,OK,1,APPROVED
S144,BATCH-009-180,SUP_009,Nippon Steel India,B-Pillar,DP600,602.0,376.8,20.5,0.1764,1.043,210.7,91.4,1.508,OK,1.0,66.9,OK,687,OK,0.0756,1.899,0.216,0.012,0.0093,0.211,0.0246,OK,0.96,OK,5.79,OK,OK,1066052,45.3,OK,2,APPROVED
S145,BATCH-007-134,SUP_007,Bhushan Power Steel,B-Pillar,DP600,610.6,378.5,20.7,0.1768,1.011,191.9,90.9,1.553,OK,1.15,69.4,OK,631,OK,0.0686,1.894,0.219,0.0164,0.0064,0.226,0.0271,OK,1.02,OK,5.79,OK,OK,1021330,45.9,OK,2,APPROVED
S146,BATCH-008-145,SUP_008,Salzgitter Mannesmann,B-Pillar,DP600,639.8,372.9,21.5,0.1825,1.047,199.1,93.0,1.558,OK,1.24,66.8,OK,562,OK,0.0815,1.866,0.228,0.012,0.0073,0.154,0.0279,OK,1.09,OK,5.43,OK,OK,1125517,44.2,OK,2,APPROVED
S147,BATCH-006-108,SUP_006,Mahindra Accelo,B-Pillar,DP600,615.4,372.8,17.0,0.1803,1.082,190.6,88.8,1.527,OK,0.99,70.9,OK,702,OK,0.0654,1.601,0.213,0.0134,0.006,0.217,0.0153,OK,0.96,OK,5.36,OK,OK,1125356,49.5,OK,2,CONDITIONAL
S148,BATCH-008-160,SUP_008,Salzgitter Mannesmann,B-Pillar,DP600,600.2,381.1,25.2,0.1778,1.015,207.2,91.5,1.53,OK,0.97,72.6,OK,642,OK,0.0791,1.82,0.238,0.0142,0.0066,0.2,0.0248,OK,1.01,OK,5.82,OK,OK,1042863,46.5,OK,1,APPROVED
S149,BATCH-001-011,SUP_001,Tata Steel Autocomp,B-Pillar,DP600,613.1,381.5,22.1,0.1761,1.152,208.8,87.5,1.505,OK,1.08,73.0,OK,590,OK,0.0793,1.83,0.235,0.009,0.0076,0.169,0.0227,OK,1.18,OK,5.9,OK,OK,990108,45.4,OK,2,APPROVED
S150,BATCH-009-173,SUP_009,Nippon Steel India,B-Pillar,DP600,619.1,378.3,23.6,0.1811,1.015,216.3,91.1,1.519,OK,1.09,71.3,OK,632,OK,0.0687,1.921,0.243,0.011,0.0066,0.188,0.0253,OK,1.04,OK,5.85,OK,OK,1074046,47.4,OK,2,APPROVED
S151,BATCH-004-064,SUP_004,ArcelorMittal Auto,B-Pillar,DP600,620.2,382.2,24.5,0.1814,1.174,208.4,87.9,1.519,OK,1.27,74.5,OK,645,OK,0.0792,1.727,0.216,0.0099,0.0073,0.194,0.0308,OK,1.04,OK,5.51,OK,OK,1071118,46.5,OK,1,APPROVED
S152,BATCH-008-146,SUP_008,Salzgitter Mannesmann,B-Pillar,DP600,607.2,370.4,21.8,0.183,1.135,209.2,90.6,1.474,OK,1.42,66.6,OK,681,OK,0.0783,1.895,0.232,0.0117,0.0074,0.172,0.0265,OK,1.01,OK,5.66,OK,OK,1042132,42.3,OK,1,APPROVED
S153,BATCH-002-031,SUP_002,Jindal Steelworks,B-Pillar,DP600,611.0,385.3,19.4,0.1818,1.073,200.3,90.9,1.462,OK,1.34,67.8,OK,576,OK,0.0848,1.726,0.187,0.0068,0.0084,0.139,0.031,OK,0.7,OK,6.2,OK,OK,1046605,40.1,OK,1,APPROVED
S154,BATCH-006-104,SUP_006,Mahindra Accelo,B-Pillar,DP600,622.3,366.4,18.5,0.1739,1.055,207.6,92.4,1.486,OK,0.69,63.4,OK,576,OK,0.0638,1.639,0.214,0.0103,0.0066,0.138,0.0208,OK,0.7,OK,5.9,OK,OK,1077467,26.4,NOT OK,2,CONDITIONAL
S155,BATCH-010-198,SUP_010,Shyam Metalics,B-Pillar,DP600,618.2,373.0,17.8,0.1792,0.975,199.5,88.0,1.491,OK,1.26,60.3,OK,677,OK,0.0561,1.671,0.214,0.0128,0.0063,0.163,0.0241,OK,0.81,OK,6.08,OK,NOT OK,1063754,42.7,OK,2,CONDITIONAL
S156,BATCH-008-158,SUP_008,Salzgitter Mannesmann,B-Pillar,DP600,621.1,378.7,22.6,0.1842,1.085,199.1,90.5,1.53,OK,1.36,65.2,OK,633,OK,0.0681,1.803,0.253,0.0096,0.007,0.198,0.0196,OK,0.94,OK,5.94,OK,OK,1019871,41.1,OK,2,APPROVED
S157,BATCH-008-153,SUP_008,Salzgitter Mannesmann,B-Pillar,DP600,627.7,379.7,21.7,0.1779,1.106,201.2,91.1,1.501,OK,1.11,65.2,OK,632,OK,0.0796,1.83,0.211,0.0151,0.0069,0.221,0.0189,OK,1.04,OK,5.91,OK,OK,1012211,43.6,OK,2,APPROVED
S158,BATCH-001-018,SUP_001,Tata Steel Autocomp,B-Pillar,DP600,624.7,370.8,24.7,0.1871,1.028,194.7,93.4,1.497,OK,1.42,64.4,OK,598,OK,0.08,1.803,0.212,0.0136,0.0067,0.177,0.0254,OK,1.05,OK,5.97,OK,OK,996579,36.2,OK,2,APPROVED
S159,BATCH-003-048,SUP_003,POSCO India,B-Pillar,DP600,616.7,377.7,25.0,0.1823,1.07,211.2,91.4,1.494,OK,1.16,69.7,OK,619,OK,0.0844,1.803,0.233,0.0118,0.0081,0.132,0.0282,OK,1.03,OK,6.04,OK,OK,912427,49.8,OK,1,APPROVED
S160,BATCH-002-021,SUP_002,Jindal Steelworks,B-Pillar,DP600,636.6,376.3,20.1,0.179,1.034,201.0,91.5,1.523,OK,1.04,66.2,OK,588,OK,0.0614,1.669,0.242,0.0164,0.0071,0.191,0.0252,OK,1.32,OK,6.04,OK,OK,1027964,36.2,OK,1,APPROVED
S161,BATCH-007-131,SUP_007,Bhushan Power Steel,B-Pillar,DP600,631.7,380.8,21.4,0.176,0.988,203.0,90.8,1.463,OK,1.22,67.9,OK,514,OK,0.0715,1.746,0.253,0.0132,0.0055,0.189,0.0178,OK,1.08,OK,5.59,OK,OK,1029850,46.5,OK,1,APPROVED
S162,BATCH-009-169,SUP_009,Nippon Steel India,B-Pillar,DP600,616.5,374.9,22.5,0.1899,1.057,211.0,88.6,1.504,OK,1.0,64.8,OK,592,OK,0.0872,1.857,0.224,0.0082,0.0078,0.187,0.0256,OK,0.82,OK,5.59,OK,OK,1046956,44.0,OK,1,APPROVED
S163,BATCH-003-041,SUP_003,POSCO India,B-Pillar,DP600,630.2,372.8,22.2,0.1758,1.107,195.9,90.0,1.509,OK,1.48,69.8,OK,599,OK,0.0913,1.713,0.182,0.0131,0.0074,0.155,0.0275,OK,1.02,OK,5.66,OK,OK,989185,45.3,OK,2,APPROVED
S164,BATCH-007-136,SUP_007,Bhushan Power Steel,B-Pillar,DP600,619.0,365.7,22.2,0.1807,0.937,194.4,89.7,1.491,OK,0.9,70.1,OK,611,OK,0.0761,1.722,0.236,0.0165,0.0068,0.158,0.026,OK,0.91,OK,5.69,OK,OK,1075680,31.9,OK,2,APPROVED
S165,BATCH-007-129,SUP_007,Bhushan Power Steel,B-Pillar,DP600,618.6,366.8,21.4,0.1566,1.03,191.1,92.7,1.523,OK,1.25,74.6,OK,557,OK,0.0897,1.84,0.21,0.0149,0.0058,0.152,0.0216,OK,0.89,OK,5.43,OK,OK,1102269,39.3,OK,2,APPROVED
S166,BATCH-007-123,SUP_007,Bhushan Power Steel,B-Pillar,DP600,614.1,369.3,22.8,0.1737,1.034,198.1,93.7,1.49,OK,1.53,71.8,OK,622,OK,0.0801,1.803,0.176,0.0107,0.0088,0.174,0.0184,OK,0.94,OK,6.2,OK,OK,1103579,40.2,OK,2,APPROVED
S167,BATCH-008-150,SUP_008,Salzgitter Mannesmann,B-Pillar,DP600,633.2,383.1,23.6,0.1828,1.114,208.1,90.8,1.557,OK,1.36,72.0,OK,572,OK,0.0723,1.818,0.223,0.0105,0.0082,0.218,0.0274,OK,0.89,OK,5.77,OK,OK,1011764,40.5,OK,1,APPROVED
S168,BATCH-001-013,SUP_001,Tata Steel Autocomp,B-Pillar,DP600,621.9,375.8,22.1,0.1777,1.055,209.0,93.8,1.469,OK,1.58,63.2,OK,614,OK,0.0835,1.817,0.209,0.0115,0.0074,0.166,0.028,OK,1.04,OK,5.63,OK,NOT OK,1092730,43.2,OK,2,CONDITIONAL
S169,BATCH-009-174,SUP_009,Nippon Steel India,B-Pillar,DP600,610.0,389.5,24.4,0.1989,0.997,206.5,87.4,1.514,OK,1.1,76.7,OK,591,OK,0.0699,1.772,0.185,0.0139,0.0054,0.181,0.0177,OK,0.97,OK,6.19,OK,OK,1067130,38.8,OK,1,APPROVED
S170,BATCH-005-081,SUP_005,JSW Steel Parts,B-Pillar,DP600,613.6,360.9,20.3,0.1781,1.049,195.3,92.8,1.474,OK,1.35,70.2,OK,571,OK,0.0899,1.691,0.233,0.0145,0.0065,0.214,0.023,OK,0.98,OK,5.8,OK,OK,1027613,44.1,OK,2,APPROVED
S171,BATCH-010-191,SUP_010,Shyam Metalics,B-Pillar,DP600,580.6,362.5,17.3,0.1737,1.09,203.3,82.8,1.582,NOT OK,1.13,61.6,OK,569,OK,0.0741,1.665,0.21,0.0081,0.0057,0.14,0.0148,OK,0.87,OK,5.79,OK,OK,1041041,42.4,OK,2,REJECTED
S172,BATCH-007-139,SUP_007,Bhushan Power Steel,B-Pillar,DP600,604.0,370.0,18.8,0.174,1.094,206.1,92.2,1.516,OK,0.92,67.2,OK,565,OK,0.0868,1.691,0.233,0.0142,0.0102,0.164,0.0268,OK,1.22,OK,5.55,OK,OK,950572,32.0,OK,2,APPROVED
S173,BATCH-008-149,SUP_008,Salzgitter Mannesmann,B-Pillar,DP600,624.1,362.3,23.0,0.1808,1.039,217.3,89.8,1.49,OK,1.56,67.1,OK,599,OK,0.0791,1.85,0.224,0.0088,0.0073,0.165,0.0247,OK,1.04,OK,5.9,OK,OK,965639,46.0,OK,2,APPROVED
S174,BATCH-001-015,SUP_001,Tata Steel Autocomp,B-Pillar,DP600,612.2,394.6,20.5,0.1727,1.105,209.7,92.1,1.516,OK,1.2,66.9,OK,623,OK,0.0759,1.859,0.217,0.0099,0.0076,0.19,0.023,OK,0.92,OK,5.86,OK,OK,1061635,40.1,OK,1,APPROVED
S175,BATCH-003-056,SUP_003,POSCO India,B-Pillar,DP600,606.6,379.2,20.7,0.1756,1.109,211.5,92.1,1.473,OK,1.14,74.2,OK,625,OK,0.0939,1.824,0.223,0.0112,0.0082,0.176,0.0275,OK,1.1,OK,5.61,OK,OK,986766,35.1,OK,2,APPROVED
S176,BATCH-004-076,SUP_004,ArcelorMittal Auto,B-Pillar,DP600,630.3,376.2,23.2,0.1822,1.137,203.7,90.4,1.5,OK,1.15,72.8,OK,559,OK,0.0737,1.736,0.237,0.0163,0.0079,0.176,0.0252,OK,1.12,OK,5.58,OK,OK,1061322,45.7,OK,2,APPROVED
S177,BATCH-003-049,SUP_003,POSCO India,B-Pillar,DP600,630.5,372.7,22.9,0.1737,1.02,216.5,90.7,1.505,OK,1.36,71.7,OK,626,OK,0.0822,1.944,0.219,0.0125,0.0093,0.207,0.0292,OK,1.06,OK,5.53,OK,OK,1127587,37.7,OK,2,APPROVED
S178,BATCH-002-040,SUP_002,Jindal Steelworks,B-Pillar,DP600,616.6,385.7,19.9,0.1801,1.018,202.7,92.8,1.506,OK,1.16,63.1,OK,634,OK,0.082,1.926,0.209,0.0122,0.0079,0.219,0.0236,OK,0.98,OK,5.9,OK,OK,1045263,38.5,OK,2,APPROVED
S179,BATCH-010-195,SUP_010,Shyam Metalics,B-Pillar,DP600,616.8,379.6,18.5,0.1621,1.08,201.3,89.0,1.515,OK,1.14,71.9,OK,638,OK,0.0774,1.801,0.218,0.0087,0.008,0.115,0.0273,OK,0.66,OK,5.68,OK,OK,945839,40.8,OK,2,APPROVED
S180,BATCH-009-170,SUP_009,Nippon Steel India,B-Pillar,DP600,618.5,381.0,23.2,0.1842,1.078,200.2,87.7,1.49,OK,1.38,74.9,OK,647,OK,0.0826,1.823,0.21,0.0117,0.0101,0.157,0.0307,OK,0.97,OK,6.12,OK,OK,983176,44.2,OK,1,APPROVED
S181,BATCH-008-143,SUP_008,Salzgitter Mannesmann,B-Pillar,DP600,611.7,377.4,22.3,0.1839,1.04,199.8,92.5,1.518,OK,1.04,74.7,OK,664,OK,0.0808,1.805,0.23,0.0098,0.008,0.128,0.0281,OK,0.84,OK,6.16,OK,OK,1034319,41.2,OK,1,APPROVED
S182,BATCH-009-179,SUP_009,Nippon Steel India,B-Pillar,DP600,631.7,372.8,22.9,0.1765,1.044,205.4,88.4,1.481,OK,1.44,73.1,OK,618,OK,0.0815,1.782,0.244,0.0115,0.0083,0.208,0.0223,OK,1.16,OK,5.43,OK,OK,1127408,40.6,OK,1,APPROVED
S183,BATCH-006-109,SUP_006,Mahindra Accelo,B-Pillar,DP600,597.3,376.6,18.9,0.1721,1.022,180.2,88.7,1.472,OK,0.92,72.7,OK,485,NOT OK,0.0798,1.7,0.198,0.0137,0.0072,0.186,0.0268,OK,0.8,OK,5.35,OK,OK,929039,32.5,OK,4,CONDITIONAL
S184,BATCH-004-074,SUP_004,ArcelorMittal Auto,B-Pillar,DP600,615.9,382.8,22.0,0.1746,1.065,197.9,93.1,1.488,OK,1.24,71.0,OK,610,OK,0.0835,1.772,0.235,0.0086,0.0082,0.227,0.0215,OK,0.93,OK,5.92,OK,OK,1058530,43.3,OK,2,APPROVED
S185,BATCH-006-117,SUP_006,Mahindra Accelo,B-Pillar,DP600,612.7,374.3,18.2,0.1777,1.038,192.7,86.2,1.421,OK,1.14,57.7,NOT OK,566,OK,0.0701,1.786,0.197,0.0092,0.008,0.177,0.0236,OK,0.93,OK,5.02,OK,OK,1057975,41.2,OK,1,CONDITIONAL
S186,BATCH-004-068,SUP_004,ArcelorMittal Auto,B-Pillar,DP600,636.8,391.6,21.3,0.1764,1.072,199.0,91.5,1.519,OK,1.42,69.6,OK,612,OK,0.0747,1.75,0.216,0.0129,0.0091,0.161,0.0302,OK,0.97,OK,5.79,OK,NOT OK,1014507,32.9,OK,2,CONDITIONAL
S187,BATCH-005-100,SUP_005,JSW Steel Parts,B-Pillar,DP600,602.4,381.3,22.0,0.1654,1.003,210.9,88.3,1.486,OK,1.25,71.6,OK,589,OK,0.0733,1.875,0.25,0.0144,0.0076,0.152,0.0207,OK,1.01,OK,5.84,OK,OK,1112087,43.4,OK,1,APPROVED
S188,BATCH-001-001,SUP_001,Tata Steel Autocomp,B-Pillar,DP600,624.7,379.0,22.9,0.1891,1.039,203.6,93.8,1.519,OK,1.12,71.9,OK,603,OK,0.0772,1.815,0.187,0.0077,0.0073,0.156,0.0261,OK,0.91,OK,5.46,OK,OK,1119618,41.2,OK,2,APPROVED
S189,BATCH-005-098,SUP_005,JSW Steel Parts,B-Pillar,DP600,623.7,360.2,22.8,0.169,1.08,202.6,88.3,1.488,OK,1.29,68.9,OK,626,OK,0.0913,1.666,0.247,0.0118,0.0062,0.138,0.0232,OK,1.06,OK,5.69,OK,OK,1118113,34.0,OK,2,APPROVED
S190,BATCH-010-197,SUP_010,Shyam Metalics,B-Pillar,DP600,614.2,367.3,17.1,0.182,0.979,189.1,88.3,1.463,OK,0.94,67.2,OK,581,OK,0.0644,1.681,0.232,0.0125,0.0107,0.207,0.0277,OK,0.63,OK,5.85,OK,OK,1001282,34.2,OK,2,CONDITIONAL
S191,BATCH-001-016,SUP_001,Tata Steel Autocomp,B-Pillar,DP600,622.2,369.9,20.0,0.1757,1.04,206.9,93.6,1.521,OK,1.17,69.9,OK,582,OK,0.0799,1.783,0.226,0.0099,0.0086,0.217,0.0246,OK,1.04,OK,5.97,OK,OK,1030942,42.8,OK,2,APPROVED
S192,BATCH-006-103,SUP_006,Mahindra Accelo,B-Pillar,DP600,598.3,359.4,21.3,0.169,1.094,203.1,90.5,1.445,OK,1.38,66.8,OK,538,OK,0.0738,1.565,0.215,0.0064,0.0038,0.11,0.0276,NOT OK,0.75,OK,6.13,OK,OK,967493,27.3,NOT OK,1,REJECTED
S193,BATCH-003-055,SUP_003,POSCO India,B-Pillar,DP600,614.5,372.9,21.1,0.1727,1.052,200.4,91.4,1.461,OK,1.26,72.9,OK,545,OK,0.0822,1.874,0.199,0.0162,0.0085,0.163,0.0248,OK,1.06,OK,5.82,OK,OK,1075590,38.5,OK,2,APPROVED
S194,BATCH-007-124,SUP_007,Bhushan Power Steel,B-Pillar,DP600,611.0,362.4,19.7,0.1884,1.025,200.8,89.7,1.557,OK,1.49,77.4,OK,593,OK,0.0796,1.669,0.245,0.008,0.0078,0.144,0.0216,OK,0.85,OK,5.55,OK,OK,1005348,38.0,OK,2,APPROVED
S195,BATCH-007-125,SUP_007,Bhushan Power Steel,B-Pillar,DP600,602.8,377.8,23.3,0.1739,1.001,200.9,92.6,1.506,OK,1.04,70.4,OK,550,OK,0.0823,1.804,0.209,0.009,0.0062,0.19,0.0289,OK,0.87,OK,5.85,OK,NOT OK,920213,37.9,OK,2,CONDITIONAL
S196,BATCH-006-105,SUP_006,Mahindra Accelo,B-Pillar,DP600,584.0,361.5,19.6,0.1595,0.955,188.5,89.3,1.503,OK,0.86,66.4,OK,527,OK,0.0701,1.876,0.239,0.0053,0.0082,0.194,0.0163,OK,0.98,OK,6.13,OK,OK,926421,32.0,OK,3,CONDITIONAL
S197,BATCH-003-043,SUP_003,POSCO India,B-Pillar,DP600,613.6,392.6,21.9,0.1714,1.056,200.9,92.5,1.484,OK,1.12,63.4,OK,603,OK,0.0655,1.705,0.233,0.014,0.0085,0.157,0.0248,OK,1.0,OK,5.52,OK,OK,1121411,45.3,OK,1,APPROVED
S198,BATCH-004-061,SUP_004,ArcelorMittal Auto,B-Pillar,DP600,626.4,376.6,25.1,0.1764,1.085,206.8,93.3,1.539,OK,1.21,67.4,OK,637,OK,0.0759,1.921,0.222,0.0111,0.0082,0.148,0.0216,OK,1.12,OK,5.64,OK,OK,1000271,44.0,OK,2,APPROVED
S199,BATCH-010-193,SUP_010,Shyam Metalics,B-Pillar,DP600,608.7,348.5,19.0,0.1525,1.116,187.7,91.9,1.538,OK,0.81,59.8,NOT OK,581,OK,0.0649,1.734,0.193,0.005,0.002,0.173,0.0192,OK,0.76,OK,5.83,OK,OK,1087140,35.9,OK,2,CONDITIONAL
S200,BATCH-002-024,SUP_002,Jindal Steelworks,B-Pillar,DP600,605.1,381.1,18.4,0.177,0.973,197.9,90.3,1.474,OK,1.07,72.5,OK,574,OK,0.0833,1.696,0.226,0.0158,0.0038,0.153,0.0263,OK,0.93,OK,5.83,OK,OK,1001780,40.9,OK,2,APPROVED
